"State","County","Observation_ID","Observation_Label","elev","slope","aspect","tpi","nat500"
"New Jersey","Ocean County",".2023.TOL.NB.32","2023NJ029200",NA,NA,NA,NA,NA
"New Jersey","Ocean County",".2023.TOL.NB.33","2023NJ029201",NA,NA,NA,NA,NA
"New Jersey","Ocean County",".2023.TOL.NB.34","2023NJ029202",NA,NA,NA,NA,NA
"New Jersey","Burlington County","BEL.JH.2023.1","2023NJ005201",NA,NA,NA,NA,NA
"Michigan","Ionia County","GRR.2011.GJS.1","Ionia County RCA Site",194.54621887207,1.56654441356659,330.759765625,0.365885823965073,0.723665833473206
"Michigan","Newaygo County","GRR.2011.GJS.10","Newaygo County",240.527404785156,0.877101719379425,164.579833984375,0.528077065944672,0.953567326068878
"Michigan","Barry County","GRR.2011.GJS.11","Barry County -Tenkink woods",287.619659423828,10.3054103851318,348.558563232422,0.496170282363892,0.60770583152771
"Michigan","Barry County","GRR.2011.GJS.12","Barry County - Houghton swamp",278.971130371094,1.06967723369598,254.374801635742,0.27883368730545,0.578956007957458
"Michigan","Allegan County","GRR.2011.GJS.13","Allegan County RCA Site: Newton",211.613540649414,2.22246694564819,117.926109313965,0.486643999814987,0.968584001064301
"Michigan","Ionia County","GRR.2011.GJS.3","Ionia County Shallow Sandy Site 1",198.222717285156,0.405878007411957,34.7597579956055,0.391182988882065,0.999527275562286
"Michigan","Allegan County","GRR.2011.GJS.4","Allegan County RCA Site: Morocco",206.442398071289,0.901279330253601,223.558349609375,0.598917961120605,0.973314046859741
"Michigan","Van Buren County","GRR.2011.GJS.5","Van Buren County RCA Site",233.281158447266,3.30140590667725,100.695030212402,0.464763611555099,0.303058445453644
"Michigan","Lake County","GRR.2011.GJS.6","Lake County RCA Site",252.224304199219,0.639470338821411,261.078002929688,0.476235002279282,0.917199492454529
"Michigan","Calhoun County","GRR.2011.GJS.7","Calhoun County County RCA Site",292.133575439453,0.313328146934509,258.401947021484,0.551704823970795,0.560483396053314
"Michigan","Mason County","GRR.2011.GJS.8","Mason County",206.431106567383,1.18369400501251,340.5009765625,0.52136355638504,0.948909997940063
"Michigan","Oceana County","GRR.2011.GJS.9","Oceana County",205.643707275391,0.247136637568474,314.837493896484,0.313621193170547,0.798396170139313
"Michigan","Berrien County","GRR.GJS.2011.14","Berrien County",199.390609741211,0.477384865283966,338.055847167969,0.480925321578979,0.215414702892303
"Michigan","Allegan County","GRR.GJS.2011.15","Allegan County RCA Site: Oakville",204.565536499023,0.218846186995506,218.858444213867,0.575319111347198,0.659297049045563
"Michigan","Newaygo County","GRR.GJS.2011.16","Coastal Plain Marsh 1",253.407943725586,1.6349937915802,12.8498344421387,0.473053932189941,0.948833644390106
"Michigan","Newaygo County","GRR.GJS.2011.17","Coastal Plain Marsh 2",253.290603637695,0.693559229373932,29.2052059173584,0.457467883825302,0.920058369636536
"Michigan","Manistee County","GRR.GJS.2011.18","Manistee RCA Site: Benona",256.875793457031,4.64452648162842,45.0575752258301,0.461935132741928,0.61204594373703
"Michigan","Oceana County","GRR.GJS.2011.19","Oceana RCA Site: Benona",240.819610595703,3.71785712242126,28.4114761352539,0.521922528743744,0.618729174137115
"Michigan","Ionia County","GRR.GJS.2011.2","Ionia County Shallow Sandy Site 2",197.626037597656,0.508926391601562,7.80314302444458,0.363189846277237,0.997342228889465
"Michigan","Muskegon County","GRR.GJS.2011.75","Sand Dunes",215.08073425293,25.9049205780029,163.415435791016,0.77961140871048,0.965184450149536
"Michigan","Ottawa County","GRR.GJS.2011.76","Sandy Lake Plain",186.056259155273,1.20866250991821,102.566558837891,0.727952182292938,0.885056912899017
"Michigan","Muskegon County","GRR.GJS.2011.78","Sandy Outwash Plain",204.263412475586,0.442118287086487,158.330978393555,0.556274950504303,0.541447162628174
"Michigan","Ottawa County","GRR.GJS.2012.1","MM01.02",205.244537353516,1.32491660118103,251.981384277344,0.583695352077484,0.913912951946259
"Michigan","Ottawa County","GRR.GJS.2012.10","S12042504",192.091995239258,4.02764511108398,51.238597869873,0.455483883619308,0.864833891391754
"Michigan","Ottawa County","GRR.GJS.2012.11","S12042505",191.821746826172,0.480147302150726,264.313537597656,0.510898172855377,0.644670963287354
"Michigan","Allegan County","GRR.GJS.2012.12","S12042601",204.264694213867,1.63095486164093,267.573516845703,0.39955148100853,0.799937129020691
"Michigan","Ottawa County","GRR.GJS.2012.13","S12050801",199.429229736328,1.46278357505798,26.8301181793213,0.532555043697357,0.188762679696083
"Michigan","Ottawa County","GRR.GJS.2012.14","S12051101",205.530807495117,31.6689853668213,326.616851806641,0.420878320932388,0.539105594158173
"Michigan","Ottawa County","GRR.GJS.2012.15","S12051102",195.064331054688,15.6726016998291,107.178436279297,0.352607101202011,0.778530716896057
"Michigan","Ottawa County","GRR.GJS.2012.16","S12051103",189.741363525391,12.3062286376953,315.5166015625,0.173281595110893,0.73263144493103
"Indiana","White County","GRR.GJS.2012.17","S12051801",208.505462646484,0.336569994688034,321.528594970703,0.472582936286926,0.538281142711639
"Michigan","Ottawa County","GRR.GJS.2012.18","S12052301",190.803634643555,1.73688435554504,122.026069641113,0.47573533654213,0.656492710113525
"Michigan","Ottawa County","GRR.GJS.2012.19","S12052302",191.753555297852,1.04668748378754,171.134887695312,0.523455083370209,0.49762088060379
"Michigan","Ottawa County","GRR.GJS.2012.2","MM01.A",188.593704223633,0.915295362472534,91.1988525390625,0.266562402248383,0.873167455196381
"Michigan","Montcalm County","GRR.GJS.2012.20","S12052401",273.741607666016,18.657283782959,86.2686386108398,0.469794243574142,0.344785541296005
"Michigan","Montcalm County","GRR.GJS.2012.21","S12052402",264.936706542969,29.8048915863037,90.5600891113281,0.320048213005066,0.510650753974915
"Michigan","Montcalm County","GRR.GJS.2012.22","S12052403",252.497985839844,0.181537300348282,317.228302001953,0.449534505605698,0.558917582035065
"Michigan","Kent County","GRR.GJS.2012.23","S12053101",201.011749267578,1.14224803447723,292.348968505859,0.321624457836151,0.293621033430099
"Michigan","Kent County","GRR.GJS.2012.24","S12060401",226.30534362793,1.75403118133545,21.7611122131348,0.291273266077042,0.802238464355469
"Michigan","Ionia County","GRR.GJS.2012.25","S12060402",196.252410888672,4.3451361656189,31.6577911376953,0.397103816270828,0.908409476280212
"Michigan","Kent County","GRR.GJS.2012.26","S12060501",251.347625732422,3.636061668396,348.831970214844,0.416896104812622,0.615446746349335
"Michigan","Kent County","GRR.GJS.2012.27","S12060502",252.513442993164,0.213603749871254,138.922241210938,0.419056326150894,0.76206910610199
"Michigan","Kent County","GRR.GJS.2012.28","S12060503",252.457656860352,0.213269799947739,311.115295410156,0.415812224149704,0.768340170383453
"Indiana","LaPorte County","GRR.GJS.2012.29","S12061301",249.056243896484,9.0910005569458,162.76513671875,0.527558922767639,0.670302748680115
"Michigan","Ottawa County","GRR.GJS.2012.3","MM01.01",198.703704833984,3.33307766914368,75.8864517211914,0.550281286239624,0.919926881790161
"Indiana","Saint Joseph County","GRR.GJS.2012.30","S12061302",235.977981567383,12.1675338745117,215.860794067383,0.634385943412781,0.416545689105988
"Michigan","Van Buren County","GRR.GJS.2012.31","S12060701",206.837905883789,2.21577501296997,216.381637573242,0.306241244077682,0.457716971635818
"Michigan","Van Buren County","GRR.GJS.2012.32","S12060702",207.078659057617,2.10645151138306,333.504241943359,0.486927360296249,0.720789194107056
"Michigan","Van Buren County","GRR.GJS.2012.33","S12060703",206.814361572266,2.28334140777588,330.619750976562,0.42959988117218,0.691573798656464
"Michigan","Clinton County","GRR.GJS.2012.34","S12062501",261.416290283203,0.317711442708969,85.3329238891602,0.386595338582993,0.878355979919434
"Michigan","Clinton County","GRR.GJS.2012.35","S12062502",261.416290283203,0.317711442708969,85.3329238891602,0.386595338582993,0.878355979919434
"Michigan","Clinton County","GRR.GJS.2012.36","S12062503",256.239929199219,0.391992568969727,259.987152099609,0.385011792182922,0.851362645626068
"Michigan","Clinton County","GRR.GJS.2012.37","S12062504",256.154541015625,0.463023632764816,302.843933105469,0.368804186582565,0.85870224237442
"Michigan","Allegan County","GRR.GJS.2012.38","S12062801",228.464813232422,1.20883166790009,350.107849121094,0.503241002559662,0.502033352851868
"Michigan","Allegan County","GRR.GJS.2012.39","S12062802",228.394607543945,1.70881974697113,332.415466308594,0.526945173740387,0.524220585823059
"Michigan","Allegan County","GRR.GJS.2012.4","ML18.04",201.159545898438,0.291299968957901,154.198944091797,0.467210918664932,0.954418301582336
"Michigan","Allegan County","GRR.GJS.2012.40","S12062901",196.071304321289,0.661461174488068,29.1997833251953,0.361569792032242,0.614278554916382
"Michigan","Allegan County","GRR.GJS.2012.41","S12062902",194.284484863281,0.346884399652481,60.8068923950195,0.303201943635941,0.892334818840027
"Michigan","Allegan County","GRR.GJS.2012.42","S12062903",199.383850097656,7.3577880859375,11.5753154754639,0.563371181488037,0.993703782558441
"Michigan","Cass County","GRR.GJS.2012.43","S12070201",258.928131103516,0.373525559902191,313.273071289062,0.350528240203857,0.844838201999664
"Michigan","Cass County","GRR.GJS.2012.44","S12070202",258.853576660156,0.451389044523239,313.276489257812,0.348576813936234,0.790850698947906
"Michigan","Cass County","GRR.GJS.2012.45","S12070203",268.756225585938,1.8662281036377,9.64632701873779,0.43425989151001,0.422095477581024
"Michigan","Van Buren County","GRR.GJS.2012.46","S12071301",244.828521728516,16.7007904052734,255.203842163086,0.64203929901123,0.512842357158661
"Michigan","Barry County","GRR.GJS.2012.47","S12092504",275.042602539062,4.98674011230469,317.340423583984,0.412290692329407,0.963736712932587
"Michigan","Ottawa County","GRR.GJS.2012.48","S12092601",200.833297729492,15.2830600738525,10.5264282226562,0.274768531322479,0.339758992195129
"Michigan","Ottawa County","GRR.GJS.2012.49","S12092602",209.276824951172,13.248966217041,295.15185546875,0.491985648870468,0.374810606241226
"Michigan","Allegan County","GRR.GJS.2012.5","ML18.09",209.404510498047,0.346698671579361,297.178802490234,0.510946094989777,0.918129086494446
"Michigan","Barry County","GRR.GJS.2012.50","S12092501",287.045928955078,19.6374168395996,129.590866088867,0.522913932800293,0.915788650512695
"Michigan","Barry County","GRR.GJS.2012.51","S12092502",297.337066650391,14.910605430603,128.675765991211,0.776183128356934,0.929335653781891
"Michigan","Barry County","GRR.GJS.2012.52","S12092503",302.486633300781,11.1930694580078,291.293151855469,0.9301717877388,0.953852295875549
"Michigan","Ottawa County","GRR.GJS.2012.53","S12092603",205.865356445312,13.4773645401001,325.61181640625,0.402126908302307,0.367983460426331
"Michigan","Ottawa County","GRR.GJS.2012.54","S12092604",210.541259765625,10.871166229248,338.517761230469,0.527532041072845,0.384935170412064
"Michigan","Muskegon County","GRR.GJS.2012.55","S12090701",245.720840454102,3.92868399620056,134.664855957031,0.457616597414017,0.525370359420776
"Michigan","Kent County","GRR.GJS.2012.56","S12090702",229.791534423828,0.609525322914124,146.946975708008,0.284679025411606,0.341722697019577
"Michigan","Ottawa County","GRR.GJS.2012.57","S12090703",230.203186035156,2.29882264137268,340.949737548828,0.357243210077286,0.345880210399628
"Michigan","Ottawa County","GRR.GJS.2012.58","S12091904",192.538055419922,0.254586696624756,359.590850830078,0.595921158790588,0.678162097930908
"Michigan","Ottawa County","GRR.GJS.2012.59","S12092001",185.74479675293,0.115380108356476,128.911804199219,0.587526619434357,0.889229893684387
"Michigan","Ottawa County","GRR.GJS.2012.6","S12042301",194.675003051758,0.368929326534271,304.060119628906,0.464835911989212,0.352870613336563
"Michigan","Ottawa County","GRR.GJS.2012.60","S12092002",184.277252197266,1.38411402702332,262.700653076172,0.58275318145752,0.875280141830444
"Michigan","Ottawa County","GRR.GJS.2012.61","S12091901",192.216384887695,0.564885139465332,169.816253662109,0.585769414901733,0.565858125686646
"Michigan","Ottawa County","GRR.GJS.2012.62","S12091902",192.349273681641,0.732105076313019,193.057159423828,0.586577892303467,0.602530419826508
"Michigan","Ottawa County","GRR.GJS.2012.63","S12091903",192.704528808594,0.351995199918747,179.915161132812,0.670652449131012,0.645799040794373
"Michigan","Muskegon County","GRR.GJS.2012.64","S12082801",210.921813964844,10.7759494781494,264.791931152344,0.645302355289459,0.216380372643471
"Michigan","Allegan County","GRR.GJS.2012.65","S12071001",292.663299560547,3.824214220047,213.959060668945,0.849787890911102,0.267018228769302
"Michigan","Allegan County","GRR.GJS.2012.66","S12071002",215.928863525391,12.1768636703491,16.8819999694824,0.393714278936386,0.684426784515381
"Michigan","Van Buren County","GRR.GJS.2012.67","S12071302",247.344985961914,9.76821231842041,283.400329589844,0.722043693065643,0.853120625019073
"Michigan","Van Buren County","GRR.GJS.2012.68","S12071303",253.114028930664,14.7959384918213,30.9811496734619,0.747943639755249,0.771475970745087
"Michigan","Van Buren County","GRR.GJS.2012.69","S12071304",215.564071655273,1.19661152362823,250.634368896484,0.173537969589233,0.773847818374634
"Michigan","Ottawa County","GRR.GJS.2012.7","S12042501",188.600738525391,1.13314139842987,61.3363418579102,0.505724251270294,0.700590312480927
"Michigan","Ottawa County","GRR.GJS.2012.70","S12061201",206.870269775391,1.05680501461029,253.933975219727,0.453990072011948,0.708014488220215
"Michigan","Ottawa County","GRR.GJS.2012.71","S12050802",199.638946533203,1.39047133922577,25.6822109222412,0.539274632930756,0.198035791516304
"Michigan","Ottawa County","GRR.GJS.2012.72","S12050803",200.014144897461,1.29486978054047,20.2200012207031,0.546682417392731,0.20178097486496
"Michigan","Berrien County","GRR.GJS.2012.73","MM11.02",210.804931640625,1.37664043903351,236.790908813477,0.510509014129639,0.827066957950592
"Michigan","Berrien County","GRR.GJS.2012.74","MM11.01",211.863372802734,3.28796648979187,148.159683227539,0.590623795986176,0.711690425872803
"Michigan","Ottawa County","GRR.GJS.2012.8","S12042502",195.390167236328,3.37628197669983,258.133270263672,0.703067541122437,0.782809138298035
"Michigan","Ottawa County","GRR.GJS.2012.9","S12042503",196.620101928711,8.15168285369873,53.2486877441406,0.811224281787872,0.788432121276855
"Michigan","Kent County","GRR.GJS.2013.1","Blandford Ravine",215.693069458008,1.88977289199829,110.558456420898,0.205973222851753,0.400792956352234
"Michigan","Allegan County","GRR.GJS.2013.10","S13070909",205.568786621094,0.160995677113533,134.507247924805,0.535115242004395,1
"Michigan","Allegan County","GRR.GJS.2013.11","S13070910",205.618392944336,0.275901407003403,287.438751220703,0.580233335494995,1
"Michigan","Allegan County","GRR.GJS.2013.12","S13070911",205.042587280273,1.8190815448761,195.660232543945,0.589247226715088,1
"Michigan","Allegan County","GRR.GJS.2013.13","S13070912",203.864944458008,1.47223150730133,212.046112060547,0.468384176492691,1
"Michigan","Allegan County","GRR.GJS.2013.14","S13071001",212.762329101562,3.00988078117371,50.9588279724121,0.49552121758461,0.985783874988556
"Michigan","Newaygo County","GRR.GJS.2013.15","S13071101",221.156295776367,0.978470861911774,283.455139160156,0.452308297157288,0.95196133852005
"Michigan","Newaygo County","GRR.GJS.2013.16","S13071102",219.76139831543,1.3370246887207,287.58203125,0.515778243541718,1
"Michigan","Newaygo County","GRR.GJS.2013.17","S13071103",214.59130859375,0.351409047842026,329.956909179688,0.447944521903992,0.103772088885307
"Michigan","Muskegon County","GRR.GJS.2013.18","S13071104",215.835220336914,0.197169005870819,179.992645263672,0.537351906299591,0.900327146053314
"Michigan","Allegan County","GRR.GJS.2013.19","S13071201",208.436630249023,0.452562928199768,219.411117553711,0.483845084905624,0.968562543392181
"Michigan","Allegan County","GRR.GJS.2013.2","S13070901",206.318649291992,1.5966409444809,300.131622314453,0.577968299388885,0.936051428318024
"Michigan","Allegan County","GRR.GJS.2013.20","S13071202",207.531204223633,0.638437628746033,268.043182373047,0.52096825838089,0.955290019512177
"Michigan","Allegan County","GRR.GJS.2013.21","S13071203",208.173095703125,1.32777965068817,191.927230834961,0.53224116563797,0.950828969478607
"Michigan","Allegan County","GRR.GJS.2013.22","S13071204",207.412384033203,0.728092908859253,215.297760009766,0.481429666280746,0.933791875839233
"Michigan","Allegan County","GRR.GJS.2013.23","S13071205",207.069320678711,0.0531332343816757,223.758911132812,0.490852326154709,0.87911194562912
"Michigan","Allegan County","GRR.GJS.2013.24","S13071601",204.310775756836,1.88883006572723,195.948623657227,0.451453119516373,1
"Michigan","Allegan County","GRR.GJS.2013.25","S13071602",203.543426513672,0.346886962652206,290.869903564453,0.435470342636108,1
"Michigan","Allegan County","GRR.GJS.2013.26","S13071701",205.313339233398,0.578267097473145,260.896881103516,0.540701925754547,1
"Michigan","Allegan County","GRR.GJS.2013.26a","S13071701a",205.313339233398,0.578267097473145,260.896881103516,0.540701925754547,1
"Michigan","Allegan County","GRR.GJS.2013.27","S13071801",205.56721496582,0.345625758171082,310.588226318359,0.537364482879639,0.99627423286438
"Michigan","Allegan County","GRR.GJS.2013.27a","S13071801a",205.56721496582,0.345625758171082,310.588226318359,0.537364482879639,0.99627423286438
"Michigan","Newaygo County","GRR.GJS.2013.28","S13072301",219.677383422852,0.932561635971069,293.987731933594,0.385640054941177,0.984622955322266
"Michigan","Newaygo County","GRR.GJS.2013.28a","S13072301a",219.677383422852,0.932561635971069,293.987731933594,0.385640054941177,0.984622955322266
"Michigan","Newaygo County","GRR.GJS.2013.29","S13072302",219.880065917969,1.11777663230896,283.964599609375,0.397076219320297,0.977461934089661
"Michigan","Newaygo County","GRR.GJS.2013.29a","S13072302a",219.880065917969,1.11777663230896,283.964599609375,0.397076219320297,0.977461934089661
"Michigan","Allegan County","GRR.GJS.2013.3","S13070902",207.002014160156,0.527928233146667,277.439239501953,0.691879749298096,0.944111049175262
"Indiana","LaPorte County","GRR.GJS.2013.30","s13072901",195.6025390625,0.492092549800873,165.579742431641,0.447942584753036,0.905923426151276
"Indiana","LaPorte County","GRR.GJS.2013.31","s13072902",195.627670288086,0.315732777118683,53.4284782409668,0.467470854520798,0.917115271091461
"Indiana","LaPorte County","GRR.GJS.2013.32","s13072903",195.563522338867,0.293810188770294,91.4768371582031,0.451568841934204,0.916212260723114
"Indiana","LaPorte County","GRR.GJS.2013.33","s13072904",195.542282104492,0.306519657373428,128.18896484375,0.440704584121704,0.923896789550781
"Indiana","LaPorte County","GRR.GJS.2013.34","s13072905",195.733764648438,0.569096744060516,176.177093505859,0.5025514960289,0.942575454711914
"Indiana","LaPorte County","GRR.GJS.2013.35","s13072906",195.514678955078,0.0620452165603638,99.9188919067383,0.510617434978485,0.98781019449234
"Indiana","LaPorte County","GRR.GJS.2013.36","s13072907",195.661315917969,0.112459808588028,25.7045555114746,0.499146550893784,0.936209261417389
"Indiana","LaPorte County","GRR.GJS.2013.37","s13072908",195.883163452148,0.281023740768433,12.5027990341187,0.522138893604279,0.90191775560379
"Indiana","LaPorte County","GRR.GJS.2013.38","s13072909",195.657104492188,0.209640458226204,246.610260009766,0.506708383560181,0.918830633163452
"Indiana","LaPorte County","GRR.GJS.2013.39","S13080701",195.628875732422,0.638328790664673,132.458602905273,0.488911539316177,0.948574841022491
"Indiana","LaPorte County","GRR.GJS.2013.39a","S13080701a",195.628875732422,0.638328790664673,132.458602905273,0.488911539316177,0.948574841022491
"Michigan","Allegan County","GRR.GJS.2013.4","S13070903",205.538986206055,1.34294104576111,131.262939453125,0.438904881477356,0.95177149772644
"Indiana","LaPorte County","GRR.GJS.2013.40","S13081201",195.455856323242,0.0268876720219851,167.892974853516,0.454451471567154,0.961820363998413
"Indiana","LaPorte County","GRR.GJS.2013.40a","S13081201a",195.455856323242,0.0268876720219851,167.892974853516,0.454451471567154,0.961820363998413
"Michigan","Allegan County","GRR.GJS.2013.5","S13070904",206.028701782227,1.86618494987488,317.783477783203,0.563380241394043,0.958955705165863
"Michigan","Allegan County","GRR.GJS.2013.6","S13070905",206.057220458984,1.50933027267456,282.494323730469,0.554925978183746,0.969951450824738
"Michigan","Allegan County","GRR.GJS.2013.7","S13070906",205.697769165039,0.522283434867859,126.604598999023,0.499787241220474,0.990393400192261
"Michigan","Allegan County","GRR.GJS.2013.8","S13070907",205.627044677734,0.345234245061874,146.615783691406,0.530224621295929,1
"Michigan","Allegan County","GRR.GJS.2013.9","S13070908",205.750030517578,0.301972210407257,152.228057861328,0.554276764392853,1
"Michigan","Van Buren County","GRR.GJS.2014.10","S14060201",209.944046020508,1.23183989524841,335.264739990234,0.645808160305023,0.465762436389923
"Michigan","Berrien County","GRR.GJS.2014.11","S14060202",206.77018737793,0.745359420776367,349.214782714844,0.539986312389374,0.486745595932007
"Michigan","Newaygo County","GRR.GJS.2014.12","S14061002",213.62434387207,0.402797907590866,186.511001586914,0.487957805395126,0.946911334991455
"Michigan","Muskegon County","GRR.GJS.2014.13","S14061001",214.377975463867,0.587957441806793,200.468704223633,0.485624700784683,0.940333902835846
"Michigan","Muskegon County","GRR.GJS.2014.14","S14060601",200.684310913086,0.167874991893768,270.601135253906,0.51588374376297,0.684433281421661
"Michigan","Muskegon County","GRR.GJS.2014.15","S14060602",201.198928833008,0.208610221743584,202.485992431641,0.514468371868134,0.985906660556793
"Michigan","Allegan County","GRR.GJS.2014.16","S14061901",195.153778076172,0.552108764648438,174.934158325195,0.420333057641983,0.96062821149826
"Michigan","Allegan County","GRR.GJS.2014.17","S14061902",195.823944091797,0.492156058549881,222.929122924805,0.521274566650391,0.95378303527832
"Michigan","Allegan County","GRR.GJS.2014.18","S14062401",199.854843139648,0.487272500991821,267.510559082031,0.55238538980484,0.916964888572693
"Michigan","Allegan County","GRR.GJS.2014.19","S14062501",199.816696166992,3.60021781921387,104.68293762207,0.753162324428558,1
"Michigan","Kalamazoo County","GRR.GJS.2014.2","Kalamazoo1",262.240356445312,0.0820063650608063,2.31049513816833,0.554720103740692,0.519377768039703
"Michigan","Allegan County","GRR.GJS.2014.20","S14062601",197.75959777832,0.383887380361557,96.8121871948242,0.571532189846039,0.936636865139008
"Michigan","Allegan County","GRR.GJS.2014.21","S14070202",203.993423461914,0.223970860242844,248.295288085938,0.471531957387924,0.920744597911835
"Michigan","Allegan County","GRR.GJS.2014.22","S14070203",201.484832763672,0.528975605964661,252.189254760742,0.505237758159637,0.974073886871338
"Michigan","Allegan County","GRR.GJS.2014.23","S14070201",204.006774902344,0.050302617251873,331.757202148438,0.463754266500473,0.923953473567963
"Michigan","Muskegon County","GRR.GJS.2014.24","S14071501",211.133712768555,0.751699924468994,322.268310546875,0.501285016536713,0.939145088195801
"Michigan","Muskegon County","GRR.GJS.2014.25","S14071502",211.984451293945,0.538503766059875,221.920989990234,0.530745208263397,0.92315810918808
"Michigan","Ottawa County","GRR.GJS.2014.26","S14071701",182.499404907227,0.952625930309296,122.760040283203,0.652894079685211,0.960025250911713
"Michigan","Ottawa County","GRR.GJS.2014.27","S14080601",195.390167236328,3.37628197669983,258.133270263672,0.703067541122437,0.782809138298035
"Michigan","Ottawa County","GRR.GJS.2014.28","W14081201",222.782119750977,0.766275584697723,356.92333984375,0.456997752189636,0.236975342035294
"Michigan","Ottawa County","GRR.GJS.2014.29","S14081301",188.754287719727,0.0405320636928082,92.3014068603516,0.556813597679138,0.757233202457428
"Michigan","Kalamazoo County","GRR.GJS.2014.3","Kalamazoo2",262.115234375,0.313225656747818,310.234802246094,0.512407064437866,0.505156576633453
"Michigan","Ottawa County","GRR.GJS.2014.30","S14081302",188.607574462891,0.377764075994492,138.818542480469,0.51246851682663,0.762076854705811
"Michigan","Ottawa County","GRR.GJS.2014.31","S14081303",187.389633178711,0.545420706272125,109.611038208008,0.543678343296051,0.395466685295105
"Michigan","Muskegon County","GRR.GJS.2014.32","S14081304",200.34162902832,1.21217799186707,343.345550537109,0.622378528118134,0.821423470973969
"Michigan","Muskegon County","GRR.GJS.2014.33","S14081305",199.482238769531,0.206254750490189,137.691055297852,0.46812716126442,0.820694148540497
"Michigan","Muskegon County","GRR.GJS.2014.34","S14081306",200.084014892578,0.407811015844345,148.203811645508,0.503507554531097,0.795799374580383
"Michigan","Kent County","GRR.GJS.2014.35","W14081401",274.194000244141,0.00143523677252233,7.12501811981201,0.499816209077835,0.72448593378067
"Michigan","Ottawa County","GRR.GJS.2014.36","W14081402",221.661117553711,1.37820434570312,318.379272460938,0.389091640710831,0.177502036094666
"Michigan","Ottawa County","GRR.GJS.2014.37","W14081403",220.449859619141,3.04490327835083,318.330413818359,0.330109149217606,0.0971456170082092
"Michigan","Ottawa County","GRR.GJS.2014.38","W14081404",219.756057739258,1.85289144515991,310.571014404297,0.238926291465759,0.0955728217959404
"Michigan","Ottawa County","GRR.GJS.2014.39","W14090801",219.719696044922,1.28687608242035,204.140243530273,0.394239187240601,0.0388571433722973
"Michigan","Kalamazoo County","GRR.GJS.2014.4","Kalamazoo3",262.022796630859,0.231782212853432,298.809204101562,0.477475881576538,0.482606261968613
"Michigan","Ottawa County","GRR.GJS.2014.40","W14090802",221.197784423828,3.57149648666382,266.955596923828,0.482567310333252,0.0484558418393135
"Michigan","Ottawa County","GRR.GJS.2014.41","W14090803",223.384735107422,1.32612562179565,83.423454284668,0.624554693698883,0.0848269090056419
"Michigan","Ottawa County","GRR.GJS.2014.42","W14090804",221.452224731445,0.994733452796936,44.8203010559082,0.516443431377411,0.0827295854687691
"Michigan","Ottawa County","GRR.GJS.2014.43","W14090805",220.999786376953,2.573002576828,73.7193908691406,0.468250244855881,0.0862528532743454
"Michigan","Ottawa County","GRR.GJS.2014.44","W14090806",221.425216674805,1.17276883125305,55.3059158325195,0.496258825063705,0.085701547563076
"Michigan","Ottawa County","GRR.GJS.2014.45","W14090807",222.439010620117,1.26725935935974,162.061401367188,0.547039687633514,0.0803120732307434
"Michigan","Ottawa County","GRR.GJS.2014.46","W14090808",222.439010620117,1.26725935935974,162.061401367188,0.547039687633514,0.0803120732307434
"Michigan","Ottawa County","GRR.GJS.2014.48","W14090809",221.971633911133,0.57537567615509,195.682281494141,0.478495448827744,0.0801308825612068
"Michigan","Kalamazoo County","GRR.GJS.2014.5","Kalamazoo4",262.053619384766,0.258465379476547,211.673477172852,0.489224880933762,0.47824701666832
"Michigan","Allegan County","GRR.GJS.2014.6","SI: red maple 01",205.169921875,0.60195654630661,292.564056396484,0.546699464321136,1
"Michigan","Allegan County","GRR.GJS.2014.7","SI: pin oak 01",204.972198486328,0.800400972366333,257.737701416016,0.533348858356476,1
"Michigan","Allegan County","GRR.GJS.2014.8","SI: red oak & red maple 02",204.836334228516,0.908820986747742,269.387176513672,0.515560448169708,1
"Michigan","Allegan County","GRR.GJS.2014.9","SI: pin oak2 01",204.836334228516,0.908820986747742,269.387176513672,0.515560448169708,1
"Michigan","Ottawa County","GRR.GJS.2015.1","W2015060903",192.786193847656,0.646646916866302,217.91633605957,0.546156167984009,0.224532321095467
"Michigan","Eaton County","GRR.GJS.2015.10","W2015061704",269.304077148438,0.174597650766373,301.126983642578,0.545112907886505,0.240013778209686
"Michigan","Kent County","GRR.GJS.2015.11","S2015062501",268.978118896484,1.04686725139618,70.7692565917969,0.504496037960052,0.172314763069153
"Michigan","Kent County","GRR.GJS.2015.12","W2015062501",268.602935791016,1.06927883625031,103.418212890625,0.487047582864761,0.179836809635162
"Michigan","Kent County","GRR.GJS.2015.13","W2015062502",267.999603271484,0.134102448821068,36.4787406921387,0.477233529090881,0.451316714286804
"Michigan","Kent County","GRR.GJS.2015.14","W2015062503",267.087646484375,1.28298234939575,105.012794494629,0.447257429361343,0.649638891220093
"Michigan","Kent County","GRR.GJS.2015.15","W2015062504",268.021545410156,0.0877513140439987,158.412933349609,0.479505687952042,0.452025651931763
"Michigan","Kent County","GRR.GJS.2015.16","W2015062505",268.010009765625,0.0500616729259491,204.058578491211,0.454180240631104,0.287375777959824
"Michigan","Kent County","GRR.GJS.2015.17","W2015062506",268.021667480469,0.345788955688477,161.101364135742,0.462525457143784,0.344799399375916
"Michigan","Kent County","GRR.GJS.2015.18","W2015062507",264.293640136719,0.861312448978424,220.962997436523,0.219355538487434,0.313151895999908
"Michigan","Kent County","GRR.GJS.2015.19","W2015062508",264.51123046875,0.434478104114532,161.310546875,0.229847744107246,0.334904760122299
"Michigan","Ottawa County","GRR.GJS.2015.2","S2015060901",192.85498046875,0.626015663146973,233.542358398438,0.561706483364105,0.212065026164055
"Michigan","Barry County","GRR.GJS.2015.20","DSP RF1",227.471618652344,0.162612423300743,210.107818603516,0.332469910383224,0.834261417388916
"Michigan","Clinton County","GRR.GJS.2015.21","DSP RF3",257.237976074219,1.37297451496124,4.89685773849487,0.43203529715538,0.867190599441528
"Michigan","Kent County","GRR.GJS.2015.22","DSP RF2",246.866073608398,3.33594989776611,236.57975769043,0.255323320627213,0.999330222606659
"Michigan","Kent County","GRR.GJS.2015.23","Page Creek Fen",227.416137695312,0.685794115066528,55.8114051818848,0.292558372020721,0.831597447395325
"Michigan","Kent County","GRR.GJS.2015.24","Lamberton Lake Fen",200.431991577148,1.71948528289795,283.338531494141,0.319584369659424,0.292024552822113
"Michigan","Montcalm County","GRR.GJS.2015.25","DSP RR1",265.290649414062,0.648120820522308,266.990570068359,0.280866533517838,0.642395079135895
"Michigan","Newaygo County","GRR.GJS.2015.26","DSP ER2",240.289886474609,0.499046593904495,217.165283203125,0.216011062264442,0.671802878379822
"Michigan","Barry County","GRR.GJS.2015.27","DSP ER1",245.169143676758,1.14578175544739,316.109344482422,0.311408668756485,0.358913779258728
"Michigan","Eaton County","GRR.GJS.2015.28","DSP ER3",265.927520751953,0.455902248620987,125.023864746094,0.337487012147903,0.430300503969193
"Michigan","Mecosta County","GRR.GJS.2015.29","DSP RR2",315.0107421875,0.96228700876236,332.148620605469,0.405811280012131,0.268789559602737
"Michigan","Ottawa County","GRR.GJS.2015.3","W2015060904",192.51628112793,0.740844547748566,279.181060791016,0.519859075546265,0.228512927889824
"Michigan","Eaton County","GRR.GJS.2015.30","DSP RR3",258.707122802734,0.326452553272247,308.582855224609,0.287610650062561,0.134152963757515
"Michigan","Ottawa County","GRR.GJS.2015.4","W2015060905",191.982986450195,0.669751763343811,231.228134155273,0.495510846376419,0.272555321455002
"Michigan","Ottawa County","GRR.GJS.2015.5","W2015060906",192.183059692383,0.398318976163864,262.654510498047,0.555947721004486,0.195536583662033
"Michigan","Eaton County","GRR.GJS.2015.6","S2015061701",269.252563476562,0.515905857086182,350.179748535156,0.61351865530014,0.265374034643173
"Michigan","Eaton County","GRR.GJS.2015.7","W2015061701",268.427062988281,0.531103670597076,351.939025878906,0.481333941221237,0.255385488271713
"Michigan","Eaton County","GRR.GJS.2015.8","W2015061702",267.606048583984,1.15395855903625,314.389343261719,0.378590911626816,0.224726736545563
"Michigan","Eaton County","GRR.GJS.2015.9","W2015061703",269.284362792969,0.305677026510239,322.317413330078,0.56253308057785,0.249459028244019
"Michigan","Ionia County","GRR.GJS.2016.10","2016MI067001",245.171096801758,14.5250110626221,33.865234375,0.495820999145508,0.625393867492676
"Michigan","Ionia County","GRR.GJS.2016.11","2016MI067002",233.883193969727,6.18324851989746,10.6242637634277,0.21496944129467,0.681126058101654
"Michigan","Ionia County","GRR.GJS.2016.12","2016MI067003",253.406982421875,4.30099868774414,276.028137207031,0.696894645690918,0.550990402698517
"Michigan","Ionia County","GRR.GJS.2016.13","2016MI067004",244.874847412109,5.11136674880981,37.1144676208496,0.61501282453537,0.598999619483948
"Michigan","Ionia County","GRR.GJS.2016.14","2016MI067005",244.270858764648,2.33286237716675,96.7900085449219,0.497403144836426,0.54896491765976
"Michigan","Ionia County","GRR.GJS.2016.15","2016MI067006",240.153793334961,9.16365718841553,109.801322937012,0.463602811098099,0.586042523384094
"Michigan","Ionia County","GRR.GJS.2016.16","2016MI067007",238.436508178711,8.50871086120605,119.729431152344,0.36316242814064,0.560855031013489
"Michigan","Kent County","GRR.GJS.2016.17","2016MI081006",235.249282836914,7.36108255386353,289.572509765625,0.352747589349747,0.96063506603241
"Michigan","Kent County","GRR.GJS.2016.18","2016MI081007",235.84797668457,1.86013603210449,102.177345275879,0.394514322280884,0.94350790977478
"Michigan","Saint Joseph County","GRR.GJS.2016.19","2016MI149001",267.948059082031,13.3745250701904,118.31275177002,0.624203860759735,0.861448168754578
"Michigan","Kent County","GRR.GJS.2016.2","farm field",252.130264282227,1.94227838516235,228.9296875,0.450188159942627,0.633872747421265
"Michigan","Saint Joseph County","GRR.GJS.2016.20","S2016MI149002",240.557556152344,0.288897156715393,178.153732299805,0.399324387311935,0.722356259822845
"Michigan","Clinton County","GRR.GJS.2016.21","2016MI037001",196.413940429688,0.984567224979401,319.574920654297,0.303804665803909,0.863821804523468
"Michigan","Clinton County","GRR.GJS.2016.22","2016MI037002",197.061630249023,5.54589462280273,327.832244873047,0.292368501424789,0.862549185752869
"Michigan","Ingham County","GRR.GJS.2016.23","2016MI065001",264.689117431641,0.381110996007919,39.7397384643555,0.685192048549652,0.359108000993729
"Michigan","Ingham County","GRR.GJS.2016.24","2016MI065002",261.186645507812,0.284475564956665,133.804733276367,0.424833059310913,0.376990675926208
"Michigan","Branch County","GRR.GJS.2016.25","2016MI023001",310.401733398438,0.525123536586761,228.506500244141,0.518183887004852,0.617591381072998
"Michigan","Branch County","GRR.GJS.2016.26","2016MI023002",310.401733398438,0.525123536586761,228.506500244141,0.518183887004852,0.617591381072998
"Michigan","Hillsdale County","GRR.GJS.2016.27","2016MI059001",333.117736816406,11.5407657623291,213.388931274414,0.580402851104736,0.494519531726837
"Michigan","Hillsdale County","GRR.GJS.2016.28","2016MI059002",335.395538330078,4.18869209289551,178.784149169922,0.630101919174194,0.477717936038971
"Michigan","Hillsdale County","GRR.GJS.2016.29","2016MI059003",317.906921386719,18.1133308410645,215.93278503418,0.216503813862801,0.523474931716919
"Michigan","Kent County","GRR.GJS.2016.3","Woodland",252.130264282227,1.94227838516235,228.9296875,0.450188159942627,0.633872747421265
"Michigan","Ionia County","GRR.GJS.2016.30","2016MI067008",255.802276611328,0.0550453551113605,282.1484375,0.483554631471634,0.204776078462601
"Michigan","Ionia County","GRR.GJS.2016.31","2016MI067009",255.806915283203,0.0414894372224808,313.596832275391,0.482840299606323,0.192455410957336
"Michigan","Ionia County","GRR.GJS.2016.32","2016MI067010",258.924438476562,0.328258365392685,67.6850738525391,0.389556556940079,0.151388064026833
"Michigan","Ionia County","GRR.GJS.2016.33","2016MI067011",259.198150634766,0.677808463573456,312.857757568359,0.44257441163063,0.141250655055046
"Michigan","Eaton County","GRR.GJS.2016.34","2016MI045001",280.468994140625,2.38179659843445,326.193786621094,0.592845499515533,0.285214275121689
"Michigan","Eaton County","GRR.GJS.2016.35","2016MI045002",279.020477294922,1.03274846076965,139.213943481445,0.428587168455124,0.286309808492661
"Michigan","Allegan County","GRR.GJS.2016.36","2016MI005001",225.660415649414,0.793273746967316,150.62776184082,0.517954170703888,0.224054098129272
"Michigan","Allegan County","GRR.GJS.2016.37","2016MI005002",226.353546142578,0.677849650382996,197.764373779297,0.544967651367188,0.223111778497696
"Michigan","Allegan County","GRR.GJS.2016.38","2016MI005003",225.603179931641,0.933442831039429,107.023529052734,0.556138157844543,0.268555998802185
"Indiana","LaGrange County","GRR.GJS.2016.39","2016IN087001",268.963287353516,1.39127850532532,45.2606887817383,0.611435055732727,0.238222047686577
"Michigan","Ottawa County","GRR.GJS.2016.40","2016MI139001",191.228729248047,0.144461527466774,348.05712890625,0.489379048347473,0.145466461777687
"Michigan","Ottawa County","GRR.GJS.2016.41","2016MI139002",191.291122436523,0.0684406459331512,86.2716293334961,0.500376164913177,0.193909987807274
"Michigan","Allegan County","GRR.GJS.2016.42","2016MI005004",225.400253295898,0.307764768600464,122.10627746582,0.495333582162857,0.139140278100967
"Michigan","Allegan County","GRR.GJS.2016.43","2016MI005005",225.458038330078,0.235718935728073,125.43782043457,0.526954889297485,0.135044082999229
"Michigan","Allegan County","GRR.GJS.2016.44","2016MI005006",225.733963012695,0.284408539533615,90.4841690063477,0.570593178272247,0.139294594526291
"Michigan","Allegan County","GRR.GJS.2016.45","2016MI005007",225.140701293945,0.329407960176468,135.461380004883,0.533618688583374,0.146909892559052
"Michigan","Allegan County","GRR.GJS.2016.46","2016MI005008",225.591217041016,0.722183287143707,221.628982543945,0.589862585067749,0.139156937599182
"Michigan","Jackson County","GRR.GJS.2016.47","2016MI075001",295.782897949219,4.13225555419922,192.807205200195,0.491227120161057,0.709974348545074
"Michigan","Jackson County","GRR.GJS.2016.48","2016MI075002",289.391662597656,0.931605339050293,116.466438293457,0.372488230466843,0.747159838676453
"Michigan","Jackson County","GRR.GJS.2016.49","2016MI075003",289.042053222656,2.59979581832886,184.873870849609,0.375505238771439,0.770031809806824
"Michigan","Kent County","GRR.GJS.2016.50","2016MI081008",274.987609863281,4.22022724151611,174.733337402344,0.471713215112686,0.333581358194351
"Michigan","Kent County","GRR.GJS.2016.51","2016MI081009",274.061309814453,6.81696605682373,11.1624631881714,0.505319118499756,0.500172138214111
"Michigan","Kent County","GRR.GJS.2016.52","2016MI081010",267.979187011719,0.470674872398376,202.947814941406,0.29538956284523,0.5627201795578
"Michigan","Kent County","GRR.GJS.2016.53","2016MI081011",275.007751464844,7.2034912109375,295.482818603516,0.601155698299408,0.475033223628998
"Michigan","Kent County","GRR.GJS.2016.54","2016MI081012",235.207656860352,0.781115353107452,213.003524780273,0.647787034511566,0.22811983525753
"Michigan","Mason County","GRR.GJS.2016.55","S2016MI105001",200.904998779297,1.11022302462516e-14,270.000061035156,0.483026713132858,0.889024615287781
"Michigan","Mason County","GRR.GJS.2016.56","2016MI105002",200.904998779297,1.11022302462516e-14,270.000061035156,0.483071178197861,0.885049700737
"Michigan","Eaton County","GRR.GJS.2016.57","2016MI045003",269.520172119141,1.60737013816833,265.419525146484,0.635193586349487,0.569351971149445
"Michigan","Eaton County","GRR.GJS.2016.58","2016MI045004",264.080169677734,1.48977947235107,176.753555297852,0.33942699432373,0.400209099054337
"Michigan","Eaton County","GRR.GJS.2016.59","2016MI045005",262.110931396484,1.43776977062225,323.102600097656,0.283488214015961,0.369824171066284
"Michigan","Kent County","GRR.GJS.2016.6","2016MI081002",239.855895996094,0.348491072654724,231.848922729492,0.491555571556091,0.633904635906219
"Michigan","Eaton County","GRR.GJS.2016.60","2016MI045006",260.289947509766,2.85805416107178,328.881744384766,0.345057755708694,0.637625753879547
"Michigan","Wexford County","GRR.GJS.2016.61","2016MI165001",360.777954101562,2.47148537635803,84.3943099975586,0.555951416492462,0.805073082447052
"Michigan","Wexford County","GRR.GJS.2016.62","2016MI165002",363.018341064453,2.31060886383057,161.454010009766,0.615868031978607,0.842888236045837
"Michigan","Wexford County","GRR.GJS.2016.63","2016MI165003",388.835479736328,8.10976219177246,210.853775024414,0.462194710969925,1
"Michigan","Ottawa County","GRR.GJS.2016.64","2016MI139003",256.293792724609,1.18517708778381,143.853012084961,0.544545114040375,0.347791284322739
"Michigan","Mecosta County","GRR.GJS.2016.65","2016MI107001",315.476684570312,8.1566219329834,234.561172485352,0.291737794876099,0.5035600066185
"Michigan","Mecosta County","GRR.GJS.2016.66","2016MI107002",312.735870361328,4.15878772735596,175.654098510742,0.243471741676331,0.485854744911194
"Michigan","Kent County","GRR.GJS.2016.7","2016MI081003",238.272232055664,0.193542942404747,241.35969543457,0.50150328874588,0.969875156879425
"Michigan","Kent County","GRR.GJS.2016.8","2016MI081004",239.973037719727,0.480557411909103,297.521148681641,0.474630981683731,0.526679813861847
"Michigan","Kent County","GRR.GJS.2016.9","2016MI081005",236.991485595703,0.322763979434967,147.786972045898,0.553184688091278,0.92691695690155
"Michigan","Muskegon County","GRR.GJS.2017.10","es20170731.04",246.827239990234,0.145271614193916,264.877807617188,0.553136765956879,0.276499032974243
"Michigan","Barry County","GRR.GJS.2017.11","es20170519.01",265.105438232422,2.15685558319092,359.055938720703,0.51793497800827,0.217405512928963
"Michigan","Barry County","GRR.GJS.2017.12","es20170519.02",274.180419921875,0.457288831472397,52.3586616516113,0.572255373001099,0.195701360702515
"Michigan","Barry County","GRR.GJS.2017.13","es20170519.03",261.91357421875,0.739607274532318,349.812225341797,0.551721274852753,0.295072644948959
"Michigan","Eaton County","GRR.GJS.2017.15","es20170615.01",286.662841796875,1.02713572978973,86.2145385742188,0.618670284748077,0.130159303545952
"Michigan","Eaton County","GRR.GJS.2017.16","es20170615.02",285.952545166016,1.55266559123993,195.696594238281,0.60826975107193,0.275268375873566
"Michigan","Calhoun County","GRR.GJS.2017.17","es20170623.01",287.722961425781,2.49202346801758,321.199035644531,0.594463646411896,0.824027359485626
"Michigan","Calhoun County","GRR.GJS.2017.18","es20170623.02",294.940002441406,4.01626396179199,164.216491699219,0.738724231719971,0.729810297489166
"Michigan","Allegan County","GRR.GJS.2017.19","es20170808.01",228.326797485352,2.501788854599,38.9228744506836,0.403065115213394,0.358280450105667
"Michigan","Clinton County","GRR.GJS.2017.2","es20170717.01",206.056350708008,0.901354014873505,176.744918823242,0.251438707113266,0.268395870923996
"Michigan","Allegan County","GRR.GJS.2017.20","es20170808.02",226.602279663086,4.04820442199707,32.7782211303711,0.448030799627304,0.321354776620865
"Michigan","Eaton County","GRR.GJS.2017.21","es20170823.01",284.939056396484,2.18850493431091,231.130157470703,0.500063419342041,0.304739266633987
"Michigan","Eaton County","GRR.GJS.2017.22","es20170823.02",286.232757568359,1.47878050804138,269.661102294922,0.456123828887939,0.280413687229156
"Michigan","Eaton County","GRR.GJS.2017.23","es20170823.03",291.106964111328,0.958166360855103,256.725830078125,0.527470648288727,0.396021604537964
"Michigan","Eaton County","GRR.GJS.2017.24","es20170823.04",292.082641601562,3.9462263584137,105.225311279297,0.683175265789032,0.459381341934204
"Michigan","Clinton County","GRR.GJS.2017.25","es20170915.01",220.270278930664,0.832380890846252,186.26628112793,0.512800991535187,0.27128279209137
"Michigan","Montcalm County","GRR.GJS.2017.26","es20170525.01",240.738708496094,0.618531405925751,69.0891799926758,0.518544018268585,0.421947658061981
"Michigan","Clinton County","GRR.GJS.2017.3","es20170717.02",205.525848388672,1.24776327610016,250.261596679688,0.192266538739204,0.267792016267776
"Michigan","Eaton County","GRR.GJS.2017.4","es20170727.01",272.154846191406,2.44091176986694,229.179672241211,0.366847038269043,0.4000304043293
"Michigan","Eaton County","GRR.GJS.2017.5","es20170727.02",269.576202392578,1.36756491661072,133.896209716797,0.303027510643005,0.490729749202728
"Michigan","Eaton County","GRR.GJS.2017.6","es20170727.03",278.353637695312,4.90829181671143,209.791015625,0.550305426120758,0.46616119146347
"Michigan","Muskegon County","GRR.GJS.2017.7","es20170731.01",246.816146850586,0.146282315254211,255.417221069336,0.552406489849091,0.273835003376007
"Michigan","Muskegon County","GRR.GJS.2017.8","es20170731.02",246.131988525391,0.238306149840355,263.089294433594,0.471768528223038,0.241162046790123
"Michigan","Muskegon County","GRR.GJS.2017.9","es20170731.03",246.93489074707,1.16639971733093,274.93408203125,0.534335672855377,0.25159227848053
"Michigan","Livingston County","GRR.GJS.2018.1","es20180601.01",282.090026855469,1.74126732349396,69.9286880493164,0.539201319217682,0.110013000667095
"Michigan","Berrien County","GRR.GJS.2018.10","gs20180823.04",197.050003051758,1.33478188514709,332.011291503906,0.548308551311493,0.857214868068695
"Michigan","Berrien County","GRR.GJS.2018.11","gs20180823.05",197.781509399414,0.487714022397995,328.830841064453,0.530010759830475,0.872819244861603
"Michigan","Kalamazoo County","GRR.GJS.2018.12","gs20180813.01",262.918548583984,0.211784735321999,123.678642272949,0.457394450902939,0.394886165857315
"Michigan","Kalamazoo County","GRR.GJS.2018.13","gs20180813.02",262.855926513672,0.0277348570525646,254.224258422852,0.440586060285568,0.413519471883774
"Michigan","Kalamazoo County","GRR.GJS.2018.14","gs20180813.03",262.536682128906,0.486426562070847,134.345504760742,0.399502515792847,0.455793738365173
"Michigan","Eaton County","GRR.GJS.2018.15","gs20180830.01",286.235412597656,1.99376177787781,168.296371459961,0.326336622238159,0.359654754400253
"Michigan","Eaton County","GRR.GJS.2018.16","gs20180830.02",289.679504394531,2.42604827880859,26.4922637939453,0.533759117126465,0.292020589113235
"Michigan","Eaton County","GRR.GJS.2018.17","gs20180830.03",271.538391113281,0.371866822242737,183.063705444336,0.237169206142426,0.287384510040283
"Michigan","Eaton County","GRR.GJS.2018.18","gs20180830.04",274.089752197266,0.464574635028839,337.436553955078,0.474965691566467,0.413066208362579
"Michigan","Branch County","GRR.GJS.2018.19","gs20180912.02",298.673004150391,0.573904871940613,357.478088378906,0.435882180929184,0.539120495319366
"Michigan","Livingston County","GRR.GJS.2018.2","es20180608.01",280.636413574219,1.42589688301086,189.147445678711,0.509011089801788,0.279071241617203
"Michigan","Branch County","GRR.GJS.2018.20","gs20180912.01",298.408721923828,0.270971357822418,19.5301208496094,0.458041667938232,0.553954064846039
"Michigan","Branch County","GRR.GJS.2018.21","gs20180912.03",297.908935546875,0.275064289569855,344.727752685547,0.447747707366943,0.395481914281845
"Michigan","Branch County","GRR.GJS.2018.22","gs20180912.04",298.141235351562,0.266703367233276,342.695098876953,0.459795385599136,0.455918788909912
"Michigan","Branch County","GRR.GJS.2018.23","gs20180912.05",298.103424072266,0.136694923043251,328.643280029297,0.436137706041336,0.48647266626358
"Michigan","Branch County","GRR.GJS.2018.24","gs20180912.06",298.392211914062,0.384370505809784,190.489181518555,0.42270889878273,0.481281965970993
"Michigan","Calhoun County","GRR.GJS.2018.25","gs20180919.01",289.0107421875,0.93575519323349,223.240249633789,0.440676897764206,0.516311824321747
"Michigan","Calhoun County","GRR.GJS.2018.26","gs20180919.02",288.702758789062,1.57228052616119,253.706420898438,0.449759036302567,0.524615705013275
"Michigan","Calhoun County","GRR.GJS.2018.27","gs20180919.03",288.931854248047,1.74110865592957,33.037712097168,0.535279750823975,0.518249809741974
"Michigan","Calhoun County","GRR.GJS.2018.28","gs20180919.04",286.059326171875,1.48533940315247,315.994842529297,0.321564912796021,0.505240797996521
"Michigan","Calhoun County","GRR.GJS.2018.29","gs20180919.05",288.731658935547,5.33408164978027,166.154632568359,0.642552852630615,0.515454232692719
"Michigan","Cass County","GRR.GJS.2018.3","gs20180816.01",231.412094116211,0.264226257801056,357.448699951172,0.458612680435181,0.202184215188026
"Michigan","Eaton County","GRR.GJS.2018.31","gs20180927.01",268.636413574219,0.0608183220028877,265.623413085938,0.479365974664688,0.255143642425537
"Michigan","Eaton County","GRR.GJS.2018.32","gs20180927.02",268.489898681641,0.678336620330811,164.81103515625,0.443196445703506,0.179782330989838
"Michigan","Eaton County","GRR.GJS.2018.33","gs20181003.01",274.470458984375,0.862813115119934,296.587371826172,0.364843606948853,0.0205175932496786
"Michigan","Eaton County","GRR.GJS.2018.34","gs20181003.02",279.548400878906,2.1308422088623,163.853546142578,0.521561443805695,0.186305403709412
"Michigan","Eaton County","GRR.GJS.2018.35","gs20181003.03",277.674072265625,1.23681104183197,134.563491821289,0.408291935920715,0.209624022245407
"Michigan","Eaton County","GRR.GJS.2018.36","gs20181003.04",277.0244140625,1.24910295009613,154.376922607422,0.362778037786484,0.216949179768562
"Michigan","Eaton County","GRR.GJS.2018.37","gs20181003.05",279.166076660156,0.6198610663414,69.9896926879883,0.48888310790062,0.203147441148758
"Michigan","Cass County","GRR.GJS.2018.4","gs20180816.02",231.398620605469,2.2731921672821,184.591125488281,0.455788731575012,0.229012832045555
"Michigan","Cass County","GRR.GJS.2018.5","gs20180816.03",231.699371337891,0.323209673166275,15.6410331726074,0.497645378112793,0.245633542537689
"Michigan","Cass County","GRR.GJS.2018.6","gs20180816.04",232.036178588867,0.355293065309525,17.8623638153076,0.507528781890869,0.282708585262299
"Michigan","Berrien County","GRR.GJS.2018.7","gs20180823.01",198.839324951172,0.899714112281799,344.588134765625,0.574642658233643,0.285396367311478
"Michigan","Berrien County","GRR.GJS.2018.8","gs20180823.02",196.8310546875,1.38417875766754,236.378967285156,0.590795397758484,0.229298681020737
"Michigan","Berrien County","GRR.GJS.2018.9","gs20180823.03",194.569000244141,0.0310956090688705,55.9005546569824,0.371421098709106,0.268938094377518
"Michigan","Wexford County","GRR.GJS.2019.1","GRR1",501.631896972656,4.80672121047974,156.977737426758,0.809418916702271,1
"Michigan","Eaton County","GRR.GJS.2019.10","s20190820.01",282.367858886719,2.16128492355347,100.413078308105,0.365964442491531,0.319980770349503
"Michigan","Eaton County","GRR.GJS.2019.11","s20190820.02",281.177429199219,0.242990717291832,263.247283935547,0.272033900022507,0.292204946279526
"Michigan","Eaton County","GRR.GJS.2019.12","s20190820.03",283.217071533203,1.94711744785309,89.2381896972656,0.480428904294968,0.293791234493256
"Michigan","Eaton County","GRR.GJS.2019.13","s20190820.04",281.472412109375,0.34330427646637,56.6436729431152,0.333503574132919,0.294945150613785
"Michigan","Branch County","GRR.GJS.2019.14","s20190905.01",304.308929443359,1.7621146440506,8.39918899536133,0.526375770568848,0.072444424033165
"Michigan","Branch County","GRR.GJS.2019.15","s20190905.02",319.920684814453,0.884653270244598,27.0943126678467,0.577256202697754,0.109968207776546
"Michigan","Branch County","GRR.GJS.2019.16","s20190905.03",321.308380126953,2.2849760055542,105.089424133301,0.571658194065094,0.184284090995789
"Michigan","Branch County","GRR.GJS.2019.17","s20190905.04",314.943115234375,4.5854959487915,266.130554199219,0.413934141397476,0.268653184175491
"Michigan","Gladwin County","GRR.GJS.2019.18","s20191010.01",238.808609008789,1.0477329492569,216.273193359375,0.615102469921112,0.888656198978424
"Michigan","Gladwin County","GRR.GJS.2019.19","s20191010.02",229.990875244141,0.425473749637604,126.469909667969,0.409641146659851,0.950782179832458
"Michigan","Wexford County","GRR.GJS.2019.2","GRR2",286.470153808594,20.4663105010986,228.193130493164,0.475690245628357,0.884390115737915
"Michigan","Gladwin County","GRR.GJS.2019.20","s20191017.01",222.598327636719,1.10023987293243,319.345672607422,0.484925985336304,0.937782824039459
"Michigan","Gladwin County","GRR.GJS.2019.21","s20191017.02",246.248168945312,0.717581033706665,132.497283935547,0.497101306915283,0.906802892684937
"Michigan","Calhoun County","GRR.GJS.2019.22","s20190701.01",299.493621826172,2.18904113769531,153.852920532227,0.396892547607422,0.096992053091526
"Michigan","Calhoun County","GRR.GJS.2019.23","s20190701.02",299.938079833984,0.630914032459259,205.680953979492,0.506153047084808,0.0575938187539577
"Michigan","Calhoun County","GRR.GJS.2019.24","s20190701.03",282.214294433594,0.955016791820526,291.679504394531,0.38423016667366,0.29048079252243
"Michigan","Newaygo County","GRR.GJS.2019.3","GRR5",401.066009521484,0.86224490404129,22.8941555023193,0.75815224647522,0.98554539680481
"Michigan","Newaygo County","GRR.GJS.2019.4","GRR6",285.481994628906,0.669464230537415,120.102615356445,0.543681144714355,0.90581488609314
"Michigan","Eaton County","GRR.GJS.2019.5","s20190722.01",284.199279785156,0.474135100841522,256.8720703125,0.459424167871475,0.228172406554222
"Michigan","Eaton County","GRR.GJS.2019.6","s20190722.02",285.069732666016,0.565255999565125,260.626739501953,0.603286743164062,0.257841616868973
"Michigan","Clinton County","GRR.GJS.2019.7","s20190722.03",224.341522216797,0.209158793091774,120.185386657715,0.438545435667038,0.103793621063232
"Michigan","Clinton County","GRR.GJS.2019.8","s20190722.04",225.689407348633,0.767058253288269,79.2334442138672,0.55344420671463,0.0836764797568321
"Michigan","Muskegon County","GRR.GJS.2019.9","s20190726.01",199.881362915039,0.211736649274826,119.404541015625,0.500624001026154,0.647055268287659
"Michigan","Eaton County","GRR.GJS.2020.1","s20200527.01",270.835540771484,1.10868394374847,320.150848388672,0.420703411102295,0.228132456541061
"Michigan","Muskegon County","GRR.GJS.2020.10","s20200604.04",210.401107788086,0.668691396713257,221.887603759766,0.4505475461483,0.79875236749649
"Michigan","Ottawa County","GRR.GJS.2020.11","s20200610.02",190.959854125977,0.6197669506073,95.4639205932617,0.627559125423431,0.219388991594315
"Michigan","Ottawa County","GRR.GJS.2020.12","s20200610.03",190.349914550781,0.343993365764618,142.314697265625,0.578354775905609,0.159697189927101
"Michigan","Kalamazoo County","GRR.GJS.2020.13","s20200611.01",262.201263427734,0.720499157905579,94.0623016357422,0.350253254175186,1
"Michigan","Washtenaw County","GRR.GJS.2020.14","s20200701.01",291.461639404297,0.790360927581787,243.343505859375,0.350214242935181,0.962573647499084
"Michigan","Barry County","GRR.GJS.2020.15","s20200710.01",226.952545166016,0.625846982002258,181.95378112793,0.321986824274063,0.908956706523895
"Michigan","Barry County","GRR.GJS.2020.16","s20200710.02",227.517730712891,1.10628747940063,167.336181640625,0.380257040262222,0.896117150783539
"Michigan","Kent County","GRR.GJS.2020.17","s20200904.02",271.637359619141,0.988359570503235,80.6814193725586,0.484792143106461,0.211781054735184
"Michigan","Kent County","GRR.GJS.2020.18","s20200904.03",270.956481933594,0.938817977905273,190.106643676758,0.428463786840439,0.258021891117096
"Michigan","Kent County","GRR.GJS.2020.19","s20200904.04",270.576843261719,1.27359569072723,145.599945068359,0.488121420145035,0.317463576793671
"Michigan","Eaton County","GRR.GJS.2020.2","s20200527.02",270.285491943359,0.426921337842941,42.9143714904785,0.501130640506744,0.331093579530716
"Michigan","Muskegon County","GRR.GJS.2020.20","s20200924.01",193.62385559082,0.288804829120636,193.021499633789,0.529232561588287,0.84606260061264
"Michigan","Muskegon County","GRR.GJS.2020.21","s20200924.02",193.822525024414,0.247297346591949,196.152816772461,0.539299190044403,0.845053732395172
"Michigan","Muskegon County","GRR.GJS.2020.22","s20200924.04",194.776550292969,0.64366739988327,33.9735527038574,0.685059249401093,0.868380129337311
"Michigan","Eaton County","GRR.GJS.2020.3","s20200527.03",270.223663330078,1.02652227878571,49.5767784118652,0.537884175777435,0.354788839817047
"Michigan","Eaton County","GRR.GJS.2020.4","s20200527.04",268.48779296875,3.0135133266449,346.989044189453,0.494131803512573,0.432500094175339
"Michigan","Eaton County","GRR.GJS.2020.5","s20200527.05",266.218414306641,2.7909140586853,334.281341552734,0.297467619180679,0.475615084171295
"Michigan","Eaton County","GRR.GJS.2020.6","s20200527.06",265.474090576172,0.788441479206085,349.327697753906,0.197934582829475,0.460769712924957
"Michigan","Muskegon County","GRR.GJS.2020.7","s20200604.01",210.776718139648,3.66750621795654,169.941711425781,0.428117275238037,0.616961359977722
"Michigan","Muskegon County","GRR.GJS.2020.8","s20200604.02",210.525115966797,0.538685262203217,227.76301574707,0.454146981239319,0.676841914653778
"Michigan","Muskegon County","GRR.GJS.2020.9","s20200604.03",210.203186035156,1.77655553817749,236.338745117188,0.449945598840714,0.693366885185242
"Michigan","Sanilac County","GRR.GJS.2021.1","s20210525.01",236.55354309082,0.421017318964005,172.402694702148,0.394257873296738,0.947766065597534
"Michigan","Allegan County","GRR.GJS.2021.10","2021MI005001",188.432998657227,0.0283909756690264,317.323303222656,0.362878650426865,0.969115018844604
"Michigan","Allegan County","GRR.GJS.2021.11","2021MI005002",188.432998657227,1.11022302462516e-14,270.000061035156,0.353325754404068,0.959016144275665
"Michigan","Kent County","GRR.GJS.2021.12","s20210805.01",246.288009643555,0.945712447166443,55.7518501281738,0.445528358221054,0.499006986618042
"Michigan","Montcalm County","GRR.GJS.2021.13","s20210805.02",259.431945800781,0.673678696155548,261.742706298828,0.432517617940903,0.988857626914978
"Michigan","Ottawa County","GRR.GJS.2021.14","s20210820.01",214.297973632812,0.936585962772369,273.231536865234,0.360028743743896,0.560087502002716
"Michigan","Allegan County","GRR.GJS.2021.15","2021MI005101",231.36344909668,1.14487516880035,172.437545776367,0.290624529123306,0.665168702602386
"Michigan","Ionia County","GRR.GJS.2021.16","s20210831.01",236.644653320312,1.20556044578552,146.250122070312,0.424443572759628,0.465375304222107
"Michigan","Ionia County","GRR.GJS.2021.17","s20210831.02",235.548645019531,2.19913673400879,151.445648193359,0.398306280374527,0.474995285272598
"Michigan","Ionia County","GRR.GJS.2021.18","s20211001.01",246.66389465332,0.316907674074173,25.1414775848389,0.321179449558258,0.145770132541656
"Michigan","Ionia County","GRR.GJS.2021.19","s20211001.02",246.657196044922,0.126839116215706,13.8983287811279,0.322473794221878,0.163594663143158
"Michigan","Huron County","GRR.GJS.2021.2","s20210525.02",233.377731323242,1.40254044532776,194.526870727539,0.42223396897316,0.779926598072052
"Michigan","Ionia County","GRR.GJS.2021.20","s20211001.03",246.659423828125,0.125611707568169,21.3194332122803,0.307313293218613,0.188670039176941
"Michigan","Huron County","GRR.GJS.2021.3","s20210525.03",231.821746826172,0.281993359327316,4.19302415847778,0.460744291543961,0.812597811222076
"Michigan","Monroe County","GRR.GJS.2021.4","s20210527.01",205.079620361328,0.766909837722778,91.0032501220703,0.528947293758392,0.0825791880488396
"Michigan","Monroe County","GRR.GJS.2021.5","s20210527.02",205.551620483398,0.744895935058594,155.646820068359,0.528365433216095,0.0825791880488396
"Michigan","Monroe County","GRR.GJS.2021.6","s20210527.03",205.53727722168,0.28171581029892,267.387176513672,0.538004338741302,0.0831485465168953
"Michigan","Clinton County","GRR.GJS.2021.7","C-RF-1",220.255523681641,0.234717667102814,178.16682434082,0.4786536693573,0.148195028305054
"Michigan","Clinton County","GRR.GJS.2021.8","C-RF-2",245.605758666992,1.54617011547089,208.929061889648,0.407690435647964,0.800348579883575
"Michigan","Eaton County","GRR.GJS.2021.9","C-RF-3",268.685089111328,2.21178245544434,110.901931762695,0.511585175991058,0.504184365272522
"Michigan","Wexford County","GRR.GJS.2022.1","s20220525.001",398.424224853516,4.62921667098999,7.86479806900024,0.527510464191437,0.930565655231476
"Michigan","Wexford County","GRR.GJS.2022.10","s20220527.001",287.288269042969,0.369503319263458,226.67333984375,0.466977626085281,0.95570582151413
"Michigan","Wexford County","GRR.GJS.2022.11","s20220527.002",292.030303955078,0.188841789960861,202.048614501953,0.791082322597504,0.933197677135468
"Michigan","Wexford County","GRR.GJS.2022.12","s20220527.003",263.281585693359,2.56418013572693,220.059219360352,0.532822072505951,1
"Michigan","Wexford County","GRR.GJS.2022.13","s20220613.001",293.585327148438,0.999353647232056,125.180236816406,0.540294170379639,0.970197737216949
"Michigan","Wexford County","GRR.GJS.2022.14","s20220613.002",297.294525146484,0.0752137079834938,122.72826385498,0.556725561618805,0.982897043228149
"Michigan","Wexford County","GRR.GJS.2022.15","s20220613.003",235.943756103516,3.26434302330017,322.779815673828,0.22743459045887,0.98904937505722
"Michigan","Wexford County","GRR.GJS.2022.16","s20220617.001",294.327941894531,0.893771469593048,358.666351318359,0.5682013630867,0.918754279613495
"Michigan","Wexford County","GRR.GJS.2022.17","s20220617.002",289.534606933594,3.76841974258423,57.0593605041504,0.445205122232437,0.942409813404083
"Michigan","Wexford County","GRR.GJS.2022.18","s20220617.003",277.037811279297,0.742307364940643,332.890716552734,0.536748111248016,0.982016980648041
"Michigan","Wexford County","GRR.GJS.2022.19","s20220617.004",242.805267333984,1.06979739665985,106.323341369629,0.266628503799438,0.883799254894257
"Michigan","Wexford County","GRR.GJS.2022.2","s20220525.002",414.93701171875,0.099108412861824,49.4122695922852,0.503488779067993,0.974596261978149
"Michigan","Saint Clair County","GRR.GJS.2022.20","s20220622.001",184.462036132812,0.576084136962891,300.279296875,0.259760230779648,0.907747268676758
"Michigan","Saint Clair County","GRR.GJS.2022.21","s20220622.002",182.378387451172,0.643688559532166,223.549697875977,0.232441186904907,0.972215354442596
"Michigan","Saint Clair County","GRR.GJS.2022.22","s20220622.003",182.878479003906,1.74293291568756,193.487655639648,0.201510235667229,0.969235956668854
"Michigan","Saint Clair County","GRR.GJS.2022.23","s20220622.004",190.86491394043,1.65217792987823,225.348022460938,0.220494940876961,0.732533812522888
"Michigan","Saint Clair County","GRR.GJS.2022.24","s20220623.001",193.672805786133,2.13500356674194,123.333572387695,0.256303578615189,0.967213094234467
"Michigan","Saint Clair County","GRR.GJS.2022.25","s20220623.002",189.320419311523,0.203410819172859,135.000030517578,0.286108165979385,0.967956244945526
"Michigan","Saint Clair County","GRR.GJS.2022.26","s20220623.003",193.63117980957,2.58465790748596,206.861343383789,0.281524807214737,0.911726117134094
"Michigan","Saint Clair County","GRR.GJS.2022.27","s20220623.004",191.446426391602,8.14694881439209,156.372467041016,0.224073886871338,0.856520295143127
"Michigan","Saint Clair County","GRR.GJS.2022.28","s20220623.005",209.345764160156,8.81782245635986,243.943969726562,0.416780680418015,0.857128322124481
"Michigan","Clinton County","GRR.GJS.2022.29","s20220719.001",245.990859985352,0.312829554080963,2.87275648117065,0.400643110275269,0.821603655815125
"Michigan","Wexford County","GRR.GJS.2022.3","s20220525.003",414.742340087891,0.648258209228516,184.353561401367,0.48781743645668,1
"Michigan","Clinton County","GRR.GJS.2022.30","s20220719.002",246.615921020508,0.270524144172668,314.775329589844,0.4873968064785,0.87613844871521
"Michigan","Ingham County","GRR.GJS.2022.31","s20220720.001",289.592163085938,0.906508505344391,265.699462890625,0.38684344291687,0.996887445449829
"Michigan","Mecosta County","GRR.GJS.2022.32","s20220701.001",285.542327880859,3.47890734672546,45.1874809265137,0.316665917634964,0.610674619674683
"Michigan","Mecosta County","GRR.GJS.2022.33","s20220701.002",292.314605712891,2.99587774276733,57.1995468139648,0.416901826858521,0.560742974281311
"Michigan","Wexford County","GRR.GJS.2022.34","s20220812.001",296.910095214844,0.775882840156555,274.533569335938,0.520233452320099,0.898932933807373
"Michigan","Wexford County","GRR.GJS.2022.35","s20220812.002",274.191375732422,0.695047438144684,302.371887207031,0.511786222457886,0.930761456489563
"Michigan","Wexford County","GRR.GJS.2022.36","s20220812.003",275.447784423828,0.825124025344849,264.934967041016,0.504498183727264,0.997046172618866
"Michigan","Wexford County","GRR.GJS.2022.37","s20220812.004",275.795043945312,1.29375815391541,205.323944091797,0.397101283073425,0.972624361515045
"Michigan","Wexford County","GRR.GJS.2022.38","s20220819.001",266.875335693359,0.842006027698517,278.065795898438,0.472711324691772,0.969197332859039
"Michigan","Wexford County","GRR.GJS.2022.39","s20220819.002",245.708999633789,2.39004874229431,153.121780395508,0.242099761962891,0.938936114311218
"Michigan","Wexford County","GRR.GJS.2022.4","s20220525.004",414.313751220703,5.47732448577881,117.255836486816,0.518815815448761,1
"Michigan","Wexford County","GRR.GJS.2022.40","s20220819.003",295.730285644531,4.93889379501343,19.4308414459229,0.378013104200363,0.980665743350983
"Michigan","Wexford County","GRR.GJS.2022.41","s20220902.001",416.752349853516,2.2025990486145,86.6702651977539,0.474216252565384,0.493879497051239
"Michigan","Wexford County","GRR.GJS.2022.42","s20220902.002",409.784545898438,0.746877133846283,186.621597290039,0.473212569952011,0.968179404735565
"Michigan","Wexford County","GRR.GJS.2022.43","s20220902.003",401.245269775391,0.904708385467529,130.863540649414,0.490358680486679,0.992250084877014
"Michigan","Wexford County","GRR.GJS.2022.44","s20220909.001",291.634674072266,3.08151888847351,302.624755859375,0.397989362478256,0.96389639377594
"Michigan","Wexford County","GRR.GJS.2022.45","s20220909.002",305.607391357422,1.20183670520782,286.701812744141,0.574298679828644,0.944675505161285
"Michigan","Wexford County","GRR.GJS.2022.46","s20220821.001",363.424774169922,4.21922254562378,255.800277709961,0.486577659845352,0.929686069488525
"Michigan","Wexford County","GRR.GJS.2022.47","s20220821.002",498.460540771484,11.8197555541992,204.408401489258,0.766332626342773,1
"Michigan","Wexford County","GRR.GJS.2022.48","s20220821.003",427.013580322266,10.8527431488037,88.2449417114258,0.725182235240936,1
"Indiana","Pulaski County","GRR.GJS.2022.49","s20220930.001",213.149215698242,0.364192992448807,276.36962890625,0.462458103895187,0.848694324493408
"Michigan","Wexford County","GRR.GJS.2022.5","s20220525.005",394.063079833984,1.66892349720001,27.5988388061523,0.254283636808395,0.962131917476654
"Michigan","Wexford County","GRR.GJS.2022.6","s20220526.001",414.167083740234,8.89785099029541,238.895370483398,0.605454683303833,0.93783837556839
"Michigan","Wexford County","GRR.GJS.2022.7","s20220526.002",356.8857421875,0.636180698871613,128.043151855469,0.657025814056396,0.906640470027924
"Michigan","Wexford County","GRR.GJS.2022.8","s20220526.003",342.993194580078,5.4422607421875,252.397567749023,0.542289435863495,1
"Michigan","Wexford County","GRR.GJS.2022.9","s20220526.004",329.1123046875,11.8404321670532,51.0968475341797,0.49382558465004,0.952969372272491
"Michigan","Roscommon County","GRR.GJS.2023.1","20230502.001",284.672271728516,3.07464385032654,50.9474182128906,0.602755606174469,0.875956356525421
"Michigan","Roscommon County","GRR.GJS.2023.10","20230503.004",287.680541992188,2.8815598487854,114.272186279297,0.628635168075562,0.8816739320755
"Michigan","Roscommon County","GRR.GJS.2023.11","20230503.005",286.050903320312,1.88556337356567,146.745697021484,0.666290700435638,0.888145625591278
"Michigan","Roscommon County","GRR.GJS.2023.12","20230503.006",277.334503173828,2.13909006118774,187.338348388672,0.464432388544083,0.895863115787506
"Michigan","Roscommon County","GRR.GJS.2023.13","20230503.007",277.041290283203,2.55571985244751,67.6093673706055,0.469606548547745,0.893436074256897
"Michigan","Roscommon County","GRR.GJS.2023.14","20230503.008",276.086853027344,2.48078680038452,85.5999145507812,0.460297673940659,0.88470458984375
"Michigan","Roscommon County","GRR.GJS.2023.15","20230503.009",281.929534912109,2.83912134170532,53.2024269104004,0.571178317070007,0.879708349704742
"Michigan","Roscommon County","GRR.GJS.2023.16","20230503.010",283.696960449219,5.71481227874756,120.426582336426,0.594389617443085,0.871058940887451
"Michigan","Roscommon County","GRR.GJS.2023.17","20230503.011",270.772369384766,6.71848821640015,340.382720947266,0.483964949846268,0.831197142601013
"Michigan","Roscommon County","GRR.GJS.2023.18","20230503.012",272.249725341797,2.20764923095703,244.976577758789,0.558893203735352,0.832909166812897
"Michigan","Roscommon County","GRR.GJS.2023.19","20230504.001",271.689117431641,3.14594578742981,98.0539474487305,0.459487289190292,0.926920533180237
"Michigan","Roscommon County","GRR.GJS.2023.2","20230502.002",277.923370361328,1.50252830982208,239.477874755859,0.441360473632812,0.998860657215118
"Michigan","Roscommon County","GRR.GJS.2023.20","20230504.002",270.734008789062,0.916190922260284,111.579345703125,0.381455808877945,0.93697202205658
"Michigan","Roscommon County","GRR.GJS.2023.21","20230504.003",270.829498291016,1.80352866649628,234.920806884766,0.479327291250229,0.841311454772949
"Michigan","Roscommon County","GRR.GJS.2023.22","20230504.004",271.371826171875,1.91303527355194,195.2392578125,0.596820831298828,0.879341602325439
"Michigan","Roscommon County","GRR.GJS.2023.23","20230504.005",268.062469482422,0.710031151771545,175.854095458984,0.414667248725891,0.89320307970047
"Michigan","Roscommon County","GRR.GJS.2023.24","20230504.006",283.237976074219,1.58602142333984,171.679840087891,0.62486857175827,0.988838136196136
"Michigan","Roscommon County","GRR.GJS.2023.25","20230504.007",281.999755859375,7.25088691711426,259.969543457031,0.65788608789444,0.978752136230469
"Michigan","Roscommon County","GRR.GJS.2023.26","20230504.008",275.861083984375,1.47017633914948,271.941528320312,0.464427381753922,0.967035949230194
"Michigan","Roscommon County","GRR.GJS.2023.27","20230504.009",275.922149658203,0.620328605175018,150.314590454102,0.427478641271591,0.918391704559326
"Illinois","Kankakee County","GRR.GJS.2023.28","20230608.001",199.677795410156,0.469610899686813,306.84375,0.440203666687012,0.371893346309662
"Ohio","Fulton County","GRR.GJS.2023.29","2023OH051001",217.745910644531,0.232909917831421,227.750442504883,0.526128530502319,0.576273560523987
"Michigan","Roscommon County","GRR.GJS.2023.3","20230502.003",281.095642089844,5.36094617843628,80.4401245117188,0.615364730358124,1
"Ohio","Fulton County","GRR.GJS.2023.30","2023OH051002",217.972229003906,0.140914097428322,266.155731201172,0.575669825077057,0.577885031700134
"Ohio","Fulton County","GRR.GJS.2023.31","2023OH051003",217.446701049805,0.232381880283356,342.600219726562,0.464134931564331,0.610155880451202
"Illinois","Kankakee County","GRR.GJS.2023.32","20230731.001",199.274047851562,0.420367896556854,286.830596923828,0.402540773153305,0.394148796796799
"Indiana","Saint Joseph County","GRR.GJS.2023.33","20230801.001",210.186874389648,0.411592900753021,319.948944091797,0.519385457038879,0.0642886012792587
"Michigan","Ottawa County","GRR.GJS.2023.34","20230831.001",191.67887878418,0.223927736282349,31.6015396118164,0.482910424470901,0.195622384548187
"New Jersey","Burlington County","GRR.GJS.2023.35","2023NJ005200",NA,NA,NA,NA,NA
"New Jersey","Ocean County","GRR.GJS.2023.36","2023NJ029204",NA,NA,NA,NA,NA
"Michigan","Ottawa County","GRR.GJS.2023.37","20230831.002",191.837554931641,0.184264898300171,7.21304655075073,0.518496751785278,0.231938615441322
"Michigan","Ottawa County","GRR.GJS.2023.38","20230831.003",191.660446166992,0.3715980052948,70.424201965332,0.48636794090271,0.137271910905838
"Michigan","Ottawa County","GRR.GJS.2023.39","20230831.004",190.750137329102,0.383631944656372,348.525146484375,0.399013251066208,0.0760232582688332
"Michigan","Roscommon County","GRR.GJS.2023.4","20230502.004",269.127838134766,10.0762004852295,153.135009765625,0.320300310850143,0.997408628463745
"Michigan","Ottawa County","GRR.GJS.2023.40","20230831.005",191.539459228516,0.610700786113739,96.5914535522461,0.514420211315155,0.0502837561070919
"Michigan","Ottawa County","GRR.GJS.2023.41","20230831.006",191.545318603516,0.548291325569153,212.916900634766,0.512316048145294,0.093256302177906
"Michigan","Wexford County","GRR.GJS.2023.42","20230725.001",297.022064208984,4.95615100860596,182.684051513672,0.352098226547241,0.92233943939209
"Michigan","Wexford County","GRR.GJS.2023.43","20230725.002",302.125061035156,3.98872900009155,204.698593139648,0.431406885385513,0.917261064052582
"Michigan","Allegan County","GRR.GJS.2023.44","20231002.001",230.543334960938,0.594347417354584,248.612350463867,0.446240454912186,0.475243359804153
"Michigan","Allegan County","GRR.GJS.2023.45","20231002.002",229.920623779297,0.754027783870697,236.085296630859,0.427657037973404,0.516410827636719
"Michigan","Allegan County","GRR.GJS.2023.46","20231002.003",230.124893188477,0.728442490100861,237.05339050293,0.434311956167221,0.499579429626465
"Michigan","Allegan County","GRR.GJS.2023.47","20231002.004",229.566925048828,0.730455756187439,227.479125976562,0.412652522325516,0.501462996006012
"Michigan","Allegan County","GRR.GJS.2023.48","20231002.005",229.109237670898,0.361545503139496,203.587585449219,0.408080548048019,0.551784515380859
"Michigan","Allegan County","GRR.GJS.2023.49","20231002.006",228.933059692383,0.30585515499115,237.611236572266,0.430833548307419,0.588688135147095
"Michigan","Roscommon County","GRR.GJS.2023.5","20230502.005",267.582275390625,3.47715878486633,37.8211097717285,0.212893724441528,0.964014947414398
"Michigan","Allegan County","GRR.GJS.2023.50","20231002.007",230.803039550781,1.35722041130066,246.637802124023,0.485004186630249,0.258862197399139
"Michigan","Allegan County","GRR.GJS.2023.51","20231002.008",230.38053894043,1.3077220916748,248.495727539062,0.494916588068008,0.340162128210068
"Michigan","Allegan County","GRR.GJS.2023.52","20231002.009",229.296798706055,0.655297815799713,242.979797363281,0.45455464720726,0.457234233617783
"Michigan","Allegan County","GRR.GJS.2023.53","20231002.010",229.060089111328,0.442663073539734,231.235122680664,0.43947434425354,0.448842376470566
"Michigan","Ottawa County","GRR.GJS.2023.54","20230816.001",237.652252197266,0.60456246137619,72.4171981811523,0.424077659845352,0.1515773832798
"Michigan","Ottawa County","GRR.GJS.2023.55","20230816.002",237.491989135742,0.0150155173614621,45.0000114440918,0.425582021474838,0.160858064889908
"Michigan","Ottawa County","GRR.GJS.2023.56","20230816.003",237.491241455078,3.65516877174377,91.0968551635742,0.318275839090347,0.174313902854919
"Michigan","Ottawa County","GRR.GJS.2023.57","20230816.004",237.491989135742,1.11022302462516e-14,270.000061035156,0.43276309967041,0.163699761033058
"Michigan","Kent County","GRR.GJS.2023.58","20230720.001",270.800445556641,1.2171219587326,143.289352416992,0.496162921190262,0.321011811494827
"Michigan","Newaygo County","GRR.GJS.2023.59","20230720.002",226.6162109375,0.195158198475838,202.417724609375,0.515333354473114,0.51614910364151
"Michigan","Roscommon County","GRR.GJS.2023.6","20230502.006",278.766967773438,1.7756290435791,271.610321044922,0.574987769126892,0.993440926074982
"Michigan","Newaygo County","GRR.GJS.2023.60","20230720.003",226.58837890625,0.0517254993319511,151.106857299805,0.498104184865952,0.477111279964447
"Michigan","Newaygo County","GRR.GJS.2023.61","20230720.004",230.56103515625,1.08832776546478,345.834442138672,0.266692668199539,0.33471143245697
"Michigan","Newaygo County","GRR.GJS.2023.62","20230720.005",235.979278564453,1.14425981044769,337.560363769531,0.283522725105286,0.184482678771019
"Michigan","Muskegon County","GRR.GJS.2023.63","20230920.001",213.923095703125,2.24242544174194,290.5654296875,0.584277868270874,0.0198004730045795
"Michigan","Roscommon County","GRR.GJS.2023.7","20230503.001",286.867858886719,2.95897674560547,120.356140136719,0.614867389202118,0.884804904460907
"Michigan","Roscommon County","GRR.GJS.2023.8","20230503.002",281.233673095703,3.94830369949341,64.0046157836914,0.451955288648605,0.888492524623871
"Michigan","Roscommon County","GRR.GJS.2023.9","20230503.003",286.104339599609,6.41920852661133,12.9379987716675,0.55991142988205,0.891628384590149
"Michigan","Ottawa County","GRR.NJL.2023.1","2023510.001",204.985610961914,2.12392020225525,200.340881347656,0.599444210529327,0.921311914920807
"Michigan","Mason County","GRR.NJL.2023.10","20230711.002",215.864807128906,0.623345136642456,134.525650024414,0.736262142658234,0.869287073612213
"Michigan","Wexford County","GRR.NJL.2023.11","20230712.001",418.237121582031,5.05518007278442,56.0494079589844,0.437262445688248,0.934830009937286
"Michigan","Wexford County","GRR.NJL.2023.12","20230712.002",417.159118652344,3.35419845581055,256.139556884766,0.509544849395752,0.96405166387558
"Michigan","Manistee County","GRR.NJL.2023.13","20230713.001",232.24494934082,4.69136571884155,321.294708251953,0.275519996881485,0.99284553527832
"Michigan","Manistee County","GRR.NJL.2023.14","20230713.002",237.539367675781,10.2943296432495,354.1259765625,0.291234225034714,0.983220040798187
"Michigan","Montcalm County","GRR.NJL.2023.15","20230803.001",239.239028930664,1.27084064483643,203.405258178711,0.19316029548645,0.975893914699554
"Michigan","Montcalm County","GRR.NJL.2023.16","20230803.002",243.787353515625,12.4228363037109,182.402984619141,0.326827168464661,0.985327124595642
"Michigan","Montcalm County","GRR.NJL.2023.17","20230803.003",237.883209228516,0.682212591171265,265.781127929688,0.228412225842476,0.985887825489044
"Michigan","Montcalm County","GRR.NJL.2023.18","20230803.004",249.647994995117,0.436204999685287,60.9210739135742,0.357163816690445,0.457811534404755
"Michigan","Montcalm County","GRR.NJL.2023.19","20230803.005",249.647994995117,0,90.0000228881836,0.395317167043686,0.584824204444885
"Michigan","Ottawa County","GRR.NJL.2023.2","2023510.002",188.051345825195,0.447234183549881,113.441818237305,0.260298043489456,0.921744644641876
"Michigan","Allegan County","GRR.NJL.2023.3","2023511.001",205.155654907227,0.234329208731651,236.372482299805,0.500080168247223,0.96366161108017
"Michigan","Ottawa County","GRR.NJL.2023.4","2023523.001",216.638519287109,0.410652250051498,299.350738525391,0.462170600891113,0.780972242355347
"Michigan","Ottawa County","GRR.NJL.2023.5","2023523.002",213.711288452148,1.31554090976715,81.869758605957,0.449096471071243,0.328991711139679
"Michigan","Barry County","GRR.NJL.2023.6","2023531.001",227.729888916016,1.136354804039,239.823928833008,0.324498265981674,0.801206290721893
"Michigan","Newaygo County","GRR.NJL.2023.7","20230710.001",284.647369384766,0.179439961910248,348.696502685547,0.507870256900787,0.934383988380432
"Michigan","Newaygo County","GRR.NJL.2023.8","20230710.002",284.955383300781,0.306970089673996,266.092834472656,0.510702311992645,0.936330139636993
"Michigan","Mason County","GRR.NJL.2023.9","20230711.001",215.78076171875,0.774838149547577,110.324310302734,0.66306734085083,0.85102790594101
"New Jersey","Ocean County","TOL.NB.2023.1","2023NJ029203",NA,NA,NA,NA,NA
"New Jersey","Burlington County","TOL.NB.2023.2","2023NJ005202",NA,NA,NA,NA,NA
